battery_id,Baseline,RandomForest,XGBoost
B0005,0.09447964895500888,0.022960078892304902,0.023883387761285128
B0006,0.14653148642454394,0.07517061428604743,0.08679461577976265
B0007,0.0759488533429083,0.031390711776950894,0.020568933612244565
B0018,0.07795565327049729,0.08157658175714678,0.03619153555622878
B0025,0.11158883579210534,0.009595648597844111,0.008271742973296001
B0026,0.11494538467064122,0.01054296574822654,0.015625292506584957
B0027,0.12081850805222358,0.004754583067698714,0.006632112238586555
B0028,0.10972149895808272,0.00698429991732192,0.01819621168755487
B0029,0.07477922474472298,0.014637779884376893,0.023470809740422236
B0030,0.07159091309822746,0.03051398326120407,0.02156652436864844
B0031,0.09115124327900069,0.015596760225859948,0.02225126759707693
B0032,0.06525363551632857,0.018896365587898253,0.053089329578645574
B0033,0.06256033390532997,0.018467041759254354,0.02201688418030348
B0034,0.054148163858199504,0.05267537808356859,0.034833966375422555
B0036,0.07531226012155244,0.062041155072503955,0.02408340243474873
B0038,0.1147586207834687,0.016046141452184557,0.011304801533459244
B0039,0.1102579668640113,0.015382775758302783,0.008489914553426901
B0040,0.13166576837259472,0.033227082173601236,0.030225294762394682
B0041,0.08671494444335608,0.07856899990542382,0.06451469329296482
B0042,0.06966797853195539,0.0636834673295855,0.0731222151233128
B0043,0.05667982045699019,0.03208232876302296,0.03613398221024433
B0044,0.05483471369373603,0.08344794969185423,0.05923482925068529
B0045,0.126588785739782,0.06087005524658578,0.07656243368795475
B0046,0.07547270460985152,0.0691860598633972,0.06995071075879773
B0047,0.08483727883743596,0.04123455313355745,0.038803746519891776
B0048,0.056226585948665024,0.06103649934100533,0.05902045521265524
B0049,0.26838667778032393,0.20004810975057402,0.15523982902462202
B0050,0.14559916152321706,0.12118220751582691,0.14529943060905082
B0051,0.22597443448617757,0.058333364532256654,0.059041738065991625
B0053,0.043269608127502704,0.0801320800089609,0.05705439082581379
B0054,0.054140322782433366,0.06906769935332083,0.06697980883647778
B0055,0.05147239762445513,0.03223606847249797,0.024085785213073207
B0056,0.03615392791946906,0.07701177940609635,0.061070214395954205
